{
  "model_params": {
    "num_leaves": 44,
    "learning_rate": 0.002544663614842038,
    "n_estimators": 96,
    "reg_lambda": 0.017506227990222157,
    "min_child_samples": 67,
    "random_state": 42
  },
  "threshold": 0.4919287274043307,
  "vectorizer_params": {
    "max_features": 10000,
    "ngram_range": [
      1,
      2
    ],
    "min_df": 2,
    "max_df": 0.95
  }
}