Study_id,Distribution_in_group,n_group,n_infection,E_or,E_logor,E_se
Earley_2006,19.5,270,23,0.093117409,-2.373894121,0.218006523
Earley_2006,13.8,244,2,0.008264463,-4.795790546,0.710022698
Fernandez_2010,1.9,23,7,0.4375,-0.826678573,0.453163484
Fernandez_2010,2.2,39,4,0.114285714,-2.1690537,0.527798663
Hebert_1999,2.6,418,41,0.108753316,-2.218673121,0.164446842
Hebert_1999,5.6,420,29,0.074168798,-2.60141173,0.192458576
Turgeon_2024,3,369,21,0.060344828,-2.807680042,0.224705609
Turgeon_2024,0,367,28,0.08259587,-2.493795597,0.196631987